name,block,x,y
s_2_12,A_l,-13031.599669178999,-35581.387859731
s_2_13,A_l,-13030.804763408101,-35581.5613389308
s_2_14,A_l,-13030.023666058101,-35581.7223899308
s_2_15,A_l,-13029.250621258101,-35581.883440930804
s_2_16,A_l,-13028.432049428999,-35582.0539094102
s_2_17,A_l,-13027.596912146899,-35582.1773629514
s_2_18,A_l,-13026.909657125902,-35582.2162607719
s_2_19,A_l,-13026.311440508101,-35582.2377531308
s_2_20,A_l,-13025.7638671081,-35582.2377531308
s_2_21,A_l,-13025.265171579,-35582.249561334305
s_2_24,A_r,-13023.4447327081,-35582.3021735308
s_2_25,A_r,-13022.864949108101,-35582.3021735308
s_2_26,A_r,-13022.299607478999,-35582.3101688521
s_2_27,A_r,-13021.542667778998,-35582.2457484521
s_2_28,A_r,-13020.666602958101,-35582.1089123308
s_2_29,A_r,-13019.8613479581,-35582.0042291808
s_2_30,A_r,-13019.104408258101,-35581.883440930804
s_2_31,A_r,-13018.376299584299,-35581.7529279531
s_2_22,A_r,-13024.685387979,-35582.2737189843
s_2_23,A_r,-13024.0647790581,-35582.2860684308
s_3_13,A_l,-13030.8305382174,-35582.7571145062
s_3_14,A_l,-13030.0549742175,-35582.9209660554
s_3_15,A_l,-13029.2466399078,-35583.0738941681
s_3_16,A_l,-13028.410312939799,-35583.2179889107
s_3_17,A_l,-13027.6729809681,-35583.3217615585
s_3_18,A_l,-13027.040105710901,-35583.3742886751
s_3_19,A_l,-13026.401084668702,-35583.417982421604
s_3_20,A_l,-13025.7893722181,-35583.4398292948
s_3_21,A_l,-13025.2554122922,-35583.4723290713
s_3_22,A_r,-13024.6600849965,-35583.4996376629
s_3_23,A_r,-13024.019775486,-35583.4999081962
s_3_24,A_r,-13023.3862161621,-35583.5053699145
s_3_25,A_r,-13022.801812303,-35583.5108316328
s_3_26,A_r,-13022.2718899829,-35583.5161962371
s_3_27,A_r,-13021.550943166101,-35583.4288087441
s_3_28,A_r,-13020.7482062188,-35583.2705160272
s_3_29,A_r,-13019.9835656555,-35583.1394347878
s_3_30,A_r,-13019.2189250923,-35583.0083535484
s_4_13,A_l,-13030.804763408101,-35583.9613389308
s_4_14,A_l,-13030.023666058101,-35584.1223899308
s_4_15,A_l,-13029.250621258101,-35584.2834409308
s_4_16,A_l,-13028.432049428999,-35584.453909410295
s_4_17,A_l,-13027.634846979,-35584.5908027602
s_4_18,A_l,-13026.9475919581,-35584.6297005808
s_4_19,A_l,-13026.311440508101,-35584.6377531308
s_4_20,A_l,-13025.7638671081,-35584.6377531308
s_4_21,A_l,-13025.265171579,-35584.6495613343
s_4_24,A_r,-13023.4447327081,-35584.7021735308
s_4_25,A_r,-13022.864949108101,-35584.7021735308
s_4_26,A_r,-13022.299607478999,-35584.7101688521
s_4_27,A_r,-13021.542667778998,-35584.6457484521
s_4_28,A_r,-13020.666602958101,-35584.5089123308
s_4_29,A_r,-13019.8613479581,-35584.4042291808
s_4_30,A_r,-13019.104408258101,-35584.2834409308
s_4_22,A_r,-13024.685387979,-35584.673718984304
s_4_23,A_r,-13024.0647790581,-35584.6860684308
s_5_13,A_l,-13030.8305382174,-35585.157114506204
s_5_14,A_l,-13030.0549742175,-35585.3209660554
s_5_15,A_l,-13029.2466399078,-35585.4738941681
s_5_16,A_l,-13028.410312939799,-35585.6179889107
s_5_17,A_l,-13027.6729809681,-35585.7217615585
s_5_18,A_l,-13027.040105710901,-35585.7742886751
s_5_19,A_l,-13026.401084668702,-35585.8179824216
s_5_20,A_l,-13025.7893722181,-35585.8398292948
s_5_21,A_l,-13025.2554122922,-35585.8723290713
s_5_22,A_r,-13024.6600849965,-35585.8996376629
s_5_23,A_r,-13024.019775486,-35585.8999081962
s_5_24,A_r,-13023.3862161621,-35585.9053699145
s_5_25,A_r,-13022.801812303,-35585.9108316328
s_5_26,A_r,-13022.2718899829,-35585.9161962371
s_5_27,A_r,-13021.550943166101,-35585.8288087441
s_5_28,A_r,-13020.7482062188,-35585.6705160272
s_5_29,A_r,-13019.9835656555,-35585.539434787795
s_5_30,A_r,-13019.2189250923,-35585.408353548395
s_6_13,A_l,-13030.804763408101,-35586.2613389308
s_6_14,A_l,-13030.023666058101,-35586.4223899308
s_6_15,A_l,-13029.250621258101,-35586.5834409308
s_6_16,A_l,-13028.432049428999,-35586.7539094102
s_6_17,A_l,-13027.596912146899,-35586.8773629514
s_6_18,A_l,-13026.909657125902,-35586.9162607719
s_6_19,A_l,-13026.311440508101,-35586.9377531308
s_6_20,A_l,-13025.7638671081,-35586.9377531308
s_6_21,A_l,-13025.265171579,-35586.9495613343
s_6_24,A_r,-13023.4447327081,-35587.002173530804
s_6_25,A_r,-13022.864949108101,-35587.002173530804
s_6_26,A_r,-13022.299607478999,-35587.0101688521
s_6_27,A_r,-13021.542667778998,-35586.9457484521
s_6_28,A_r,-13020.666602958101,-35586.8089123308
s_6_29,A_r,-13019.8613479581,-35586.7042291808
s_6_30,A_r,-13019.104408258101,-35586.5834409308
s_6_22,A_r,-13024.685387979,-35586.9737189843
s_6_23,A_r,-13024.0647790581,-35586.9860684308
s_7_13,A_l,-13030.8305382174,-35587.3571145062
s_7_14,A_l,-13030.0549742175,-35587.5209660554
s_7_15,A_l,-13029.2466399078,-35587.6738941681
s_7_16,A_l,-13028.410312939799,-35587.8179889107
s_7_17,A_l,-13027.6729809681,-35587.9217615585
s_7_18,A_l,-13027.040105710901,-35587.9742886751
s_7_19,A_l,-13026.401084668702,-35588.0179824216
s_7_20,A_l,-13025.7893722181,-35588.0398292948
s_7_21,A_l,-13025.2554122922,-35588.0723290713
s_7_22,A_r,-13024.6600849965,-35588.0996376629
s_7_23,A_r,-13024.019775486,-35588.0999081962
s_7_24,A_r,-13023.3862161621,-35588.105369914505
s_7_25,A_r,-13022.801812303,-35588.110831632795
s_7_26,A_r,-13022.2718899829,-35588.1161962371
s_7_27,A_r,-13021.550943166101,-35588.0288087441
s_7_28,A_r,-13020.7482062188,-35587.8705160272
s_7_29,A_r,-13019.9835656555,-35587.7394347878
s_7_30,A_r,-13019.2189250923,-35587.6083535484
s_8_13,A_l,-13030.804763408101,-35588.4613389308
s_8_14,A_l,-13030.023666058101,-35588.6223899308
s_8_15,A_l,-13029.250621258101,-35588.7834409308
s_8_16,A_l,-13028.432049428999,-35588.9539094102
s_8_17,A_l,-13027.634846979,-35589.0908027602
s_8_18,A_l,-13026.9475919581,-35589.1297005808
s_8_19,A_l,-13026.311440508101,-35589.1377531308
s_8_20,A_l,-13025.7638671081,-35589.1377531308
s_8_21,A_l,-13025.265171579,-35589.1495613343
s_8_24,A_r,-13023.4447327081,-35589.2021735308
s_8_25,A_r,-13022.864949108101,-35589.2021735308
s_8_26,A_r,-13022.299607478999,-35589.2101688521
s_8_27,A_r,-13021.542667778998,-35589.1457484521
s_8_28,A_r,-13020.666602958101,-35589.0089123308
s_8_29,A_r,-13019.8613479581,-35588.9042291808
s_8_30,A_r,-13019.104408258101,-35588.7834409308
s_8_22,A_r,-13024.685387979,-35589.173718984304
s_8_23,A_r,-13024.0647790581,-35589.1860684308
s_9_13,A_l,-13030.8305382174,-35589.7571145061
s_9_14,A_l,-13030.0549742175,-35589.9209660554
s_9_15,A_l,-13029.2466399078,-35590.0738941681
s_9_16,A_l,-13028.410312939799,-35590.2179889107
s_9_17,A_l,-13027.6729809681,-35590.3217615585
s_9_18,A_l,-13027.040105710901,-35590.3742886751
s_9_19,A_l,-13026.401084668702,-35590.417982421604
s_9_20,A_l,-13025.7893722181,-35590.4398292948
s_9_21,A_l,-13025.2554122922,-35590.4723290713
s_9_22,A_r,-13024.6600849965,-35590.4996376629
s_9_23,A_r,-13024.019775486,-35590.4999081962
s_9_24,A_r,-13023.3862161621,-35590.5053699145
s_9_25,A_r,-13022.801812303,-35590.5108316328
s_9_26,A_r,-13022.2718899829,-35590.516196237004
s_9_27,A_r,-13021.550943166101,-35590.4288087441
s_9_28,A_r,-13020.7482062188,-35590.2705160272
s_9_29,A_r,-13019.9835656555,-35590.1394347878
s_9_30,A_r,-13019.2189250923,-35590.0083535484
s_10_13,A_l,-13030.804763408101,-35590.9613389308
s_10_14,A_l,-13030.023666058101,-35591.1223899308
s_10_15,A_l,-13029.250621258101,-35591.2834409308
s_10_16,A_l,-13028.432049428999,-35591.4539094102
s_10_17,A_l,-13027.596912146899,-35591.5773629514
s_10_18,A_l,-13026.909657125902,-35591.6162607719
s_10_19,A_l,-13026.311440508101,-35591.6377531308
s_10_20,A_l,-13025.7638671081,-35591.6377531308
s_10_21,A_l,-13025.265171579,-35591.6495613342
s_10_24,A_r,-13023.4447327081,-35591.7021735308
s_10_25,A_r,-13022.864949108101,-35591.7021735308
s_10_26,A_r,-13022.299607478999,-35591.7101688521
s_10_27,A_r,-13021.542667778998,-35591.6457484521
s_10_28,A_r,-13020.666602958101,-35591.5089123308
s_10_29,A_r,-13019.8613479581,-35591.4042291808
s_10_30,A_r,-13019.104408258101,-35591.2834409308
s_10_22,A_r,-13024.685387979,-35591.6737189842
s_10_23,A_r,-13024.0647790581,-35591.6860684308
s_11_13,A_l,-13030.8305382174,-35592.157114506204
s_11_14,A_l,-13030.0549742175,-35592.3209660554
s_11_15,A_l,-13029.2466399078,-35592.4738941681
s_11_16,A_l,-13028.410312939799,-35592.6179889107
s_11_17,A_l,-13027.6729809681,-35592.7217615585
s_11_18,A_l,-13027.040105710901,-35592.7742886751
s_11_19,A_l,-13026.401084668702,-35592.8179824216
s_11_20,A_l,-13025.7893722181,-35592.8398292948
s_11_21,A_l,-13025.2554122922,-35592.8723290713
s_11_22,A_r,-13024.6600849965,-35592.8996376629
s_11_23,A_r,-13024.019775486,-35592.8999081962
s_11_24,A_r,-13023.3862161621,-35592.9053699145
s_11_25,A_r,-13022.801812303,-35592.9108316328
s_11_26,A_r,-13022.2718899829,-35592.916196237005
s_11_27,A_r,-13021.550943166101,-35592.8288087441
s_11_28,A_r,-13020.7482062188,-35592.6705160272
s_11_29,A_r,-13019.9835656555,-35592.539434787795
s_11_30,A_r,-13019.2189250923,-35592.408353548395
s_12_13,A_l,-13030.804763408101,-35593.2613389308
s_12_14,A_l,-13030.023666058101,-35593.4223899308
s_12_15,A_l,-13029.250621258101,-35593.5834409308
s_12_16,A_l,-13028.432049428999,-35593.7539094102
s_12_17,A_l,-13027.634846979,-35593.8908027602
s_12_18,A_l,-13026.9475919581,-35593.929700580804
s_12_19,A_l,-13026.311440508101,-35593.9377531308
s_12_20,A_l,-13025.7638671081,-35593.9377531308
s_12_21,A_l,-13025.265171579,-35593.9495613342
s_12_24,A_r,-13023.4447327081,-35594.002173530804
s_12_25,A_r,-13022.864949108101,-35594.002173530804
s_12_26,A_r,-13022.299607478999,-35594.0101688521
s_12_27,A_r,-13021.542667778998,-35593.9457484521
s_12_28,A_r,-13020.666602958101,-35593.8089123308
s_12_29,A_r,-13019.8613479581,-35593.7042291808
s_12_30,A_r,-13019.104408258101,-35593.5834409308
s_12_22,A_r,-13024.685387979,-35593.9737189842
s_12_23,A_r,-13024.0647790581,-35593.9860684308
s_13_13,A_l,-13030.8305382174,-35594.5571145061
s_13_14,A_l,-13030.0549742175,-35594.7209660554
s_13_15,A_l,-13029.2466399078,-35594.8738941681
s_13_16,A_l,-13028.410312939799,-35595.017988910695
s_13_17,A_l,-13027.6729809681,-35595.1217615585
s_13_18,A_l,-13027.040105710901,-35595.174288675094
s_13_19,A_l,-13026.401084668702,-35595.2179824215
s_13_20,A_l,-13025.7893722181,-35595.2398292948
s_13_21,A_l,-13025.2554122922,-35595.2723290713
s_13_22,A_r,-13024.6600849965,-35595.2996376629
s_13_23,A_r,-13024.019775486,-35595.299908196204
s_13_24,A_r,-13023.3862161621,-35595.3053699145
s_13_25,A_r,-13022.801812303,-35595.3108316328
s_13_26,A_r,-13022.2718899829,-35595.316196237
s_13_27,A_r,-13021.550943166101,-35595.228808744105
s_13_28,A_r,-13020.7482062188,-35595.070516027205
s_13_29,A_r,-13019.9835656555,-35594.9394347878
s_13_30,A_r,-13019.2189250923,-35594.8083535484
s_15_13,A_l,-13030.804763408101,-35596.8613389308
s_15_14,A_l,-13030.023666058101,-35597.022389930804
s_15_15,A_l,-13029.250621258101,-35597.1834409308
s_15_16,A_l,-13028.432049428999,-35597.3539094102
s_15_17,A_l,-13027.634846979,-35597.4908027602
s_15_18,A_l,-13026.9475919581,-35597.5297005808
s_15_19,A_l,-13026.311440508101,-35597.537753130804
s_15_20,A_l,-13025.7638671081,-35597.537753130804
s_15_21,A_l,-13025.265171579,-35597.5495613342
s_15_24,A_r,-13023.4447327081,-35597.6021735308
s_15_25,A_r,-13022.864949108101,-35597.6021735308
s_15_26,A_r,-13022.299607478999,-35597.6101688521
s_15_27,A_r,-13021.542667778998,-35597.5457484521
s_15_28,A_r,-13020.666602958101,-35597.4089123308
s_15_29,A_r,-13019.8613479581,-35597.3042291808
s_15_30,A_r,-13019.104408258101,-35597.1834409308
s_15_22,A_r,-13024.685387979,-35597.5737189842
s_15_23,A_r,-13024.0647790581,-35597.5860684308
s_14_13,A_l,-13030.804763408101,-35595.661338930804
s_14_14,A_l,-13030.023666058101,-35595.8223899308
s_14_15,A_l,-13029.250621258101,-35595.9834409308
s_14_16,A_l,-13028.432049428999,-35596.1539094102
s_14_17,A_l,-13027.634846979,-35596.2908027602
s_14_18,A_l,-13026.9475919581,-35596.3297005808
s_14_19,A_l,-13026.311440508101,-35596.3377531308
s_14_20,A_l,-13025.7638671081,-35596.3377531308
s_14_21,A_l,-13025.265171579,-35596.3495613342
s_14_24,A_r,-13023.4447327081,-35596.4021735308
s_14_25,A_r,-13022.864949108101,-35596.4021735308
s_14_26,A_r,-13022.299607478999,-35596.4101688521
s_14_27,A_r,-13021.542667778998,-35596.3457484521
s_14_28,A_r,-13020.666602958101,-35596.2089123308
s_14_29,A_r,-13019.8613479581,-35596.104229180804
s_14_30,A_r,-13019.104408258101,-35595.9834409308
s_14_22,A_r,-13024.685387979,-35596.3737189842
s_14_23,A_r,-13024.0647790581,-35596.3860684308
s_15_12,A_l,-13031.599669178999,-35596.719822368395
s_14_12,A_l,-13031.599669178999,-35595.5367030923
s_13_12,A_l,-13031.6118909678,-35594.3954497757
s_12_12,A_l,-13031.599669178999,-35593.119758516004
s_11_12,A_l,-13031.6118909678,-35592.0545642355
s_10_12,A_l,-13031.599669178999,-35590.803519963796
s_9_12,A_l,-13031.6118909678,-35589.561560623195
s_8_12,A_l,-13031.599669178999,-35588.3619283996
s_7_12,A_l,-13031.6080795333,-35587.2616217319
s_6_12,A_l,-13031.599669178999,-35586.1210428594
s_5_12,A_l,-13031.6118909678,-35585.0051425548
s_4_12,A_l,-13031.599669178999,-35583.7794512952
s_3_12,A_l,-13031.6080795333,-35582.5601844349
s_3_31,A_r,-13018.4292258419,-35582.8206912661
s_4_31,A_r,-13018.366995478998,-35583.991208319196
s_5_31,A_r,-13018.4292258419,-35585.1869298183
s_6_31,A_r,-13018.3714999521,-35586.337870485804
s_7_31,A_r,-13018.4292258419,-35587.4024623465
s_8_31,A_r,-13018.3714999521,-35588.6345326524
s_9_31,A_r,-13018.4292258419,-35589.8194069227
s_10_31,A_r,-13018.366995478998,-35591.0659830119
s_11_31,A_r,-13018.433730315,-35592.2312808965
s_12_31,A_r,-13018.366995478998,-35593.4582806001
s_13_31,A_r,-13018.4292258419,-35594.627943063104
s_14_31,A_r,-13018.366995478998,-35595.773813128304
s_15_31,A_r,-13018.366995478998,-35596.9569324044
s_17_13,C_l,-13030.804763408101,-35600.4613389308
s_17_14,C_l,-13030.023666058101,-35600.6223899308
s_17_15,C_l,-13029.250621258101,-35600.7834409308
s_17_16,C_l,-13028.432049428999,-35600.9539094102
s_17_17,C_l,-13027.634846979,-35601.0908027602
s_17_18,C_l,-13026.9475919581,-35601.1297005808
s_17_19,C_l,-13026.311440508101,-35601.1377531308
s_17_20,C_l,-13025.7638671081,-35601.1377531308
s_17_21,C_l,-13025.265171579,-35601.1495613342
s_17_24,C_r,-13023.4447327081,-35601.2021735308
s_17_25,C_r,-13022.864949108101,-35601.2021735308
s_17_26,C_r,-13022.299607478999,-35601.2101688521
s_17_27,C_r,-13021.542667778998,-35601.1457484521
s_17_28,C_r,-13020.666602958101,-35601.0089123308
s_17_29,C_r,-13019.8613479581,-35600.9042291808
s_17_30,C_r,-13019.104408258101,-35600.7834409308
s_17_22,C_r,-13024.685387979,-35601.1737189842
s_17_23,C_r,-13024.0647790581,-35601.1860684308
s_18_13,C_l,-13030.804763408101,-35601.5613389308
s_18_14,C_l,-13030.023666058101,-35601.7223899308
s_18_15,C_l,-13029.250621258101,-35601.883440930804
s_18_16,C_l,-13028.432049428999,-35602.0539094102
s_18_17,C_l,-13027.634846979,-35602.1908027602
s_18_18,C_l,-13026.9475919581,-35602.2297005808
s_18_19,C_l,-13026.311440508101,-35602.2377531308
s_18_20,C_l,-13025.7638671081,-35602.2377531308
s_18_21,C_l,-13025.265171579,-35602.249561334196
s_18_24,C_r,-13023.4447327081,-35602.3021735308
s_18_25,C_r,-13022.864949108101,-35602.3021735308
s_18_26,C_r,-13022.299607478999,-35602.3101688521
s_18_27,C_r,-13021.542667778998,-35602.2457484521
s_18_28,C_r,-13020.666602958101,-35602.1089123308
s_18_29,C_r,-13019.8613479581,-35602.0042291808
s_18_30,C_r,-13019.104408258101,-35601.883440930804
s_18_22,C_r,-13024.685387979,-35602.2737189842
s_18_23,C_r,-13024.0647790581,-35602.2860684308
s_19_13,C_l,-13030.804763408101,-35602.661338930804
s_19_14,C_l,-13030.023666058101,-35602.8223899308
s_19_15,C_l,-13029.250621258101,-35602.9834409308
s_19_16,C_l,-13028.432049428999,-35603.1539094102
s_19_17,C_l,-13027.634846979,-35603.2908027602
s_19_18,C_l,-13026.9475919581,-35603.3297005808
s_19_19,C_l,-13026.311440508101,-35603.3377531308
s_19_20,C_l,-13025.7638671081,-35603.3377531308
s_19_21,C_l,-13025.265171579,-35603.3495613342
s_19_24,C_r,-13023.4447327081,-35603.4021735308
s_19_25,C_r,-13022.864949108101,-35603.4021735308
s_19_26,C_r,-13022.299607478999,-35603.4101688521
s_19_27,C_r,-13021.542667778998,-35603.3457484521
s_19_28,C_r,-13020.666602958101,-35603.2089123308
s_19_29,C_r,-13019.8613479581,-35603.104229180804
s_19_30,C_r,-13019.104408258101,-35602.9834409308
s_19_22,C_r,-13024.685387979,-35603.3737189842
s_19_23,C_r,-13024.0647790581,-35603.3860684308
s_20_13,C_l,-13030.804763408101,-35603.7613389308
s_20_14,C_l,-13030.023666058101,-35603.9223899308
s_20_15,C_l,-13029.250621258101,-35604.0834409308
s_20_16,C_l,-13028.432049428999,-35604.2539094102
s_20_17,C_l,-13027.634846979,-35604.3908027602
s_20_18,C_l,-13026.9475919581,-35604.429700580804
s_20_19,C_l,-13026.311440508101,-35604.4377531308
s_20_20,C_l,-13025.7638671081,-35604.4377531308
s_20_21,C_l,-13025.265171579,-35604.4495613342
s_20_24,C_r,-13023.4447327081,-35604.502173530804
s_20_25,C_r,-13022.864949108101,-35604.502173530804
s_20_26,C_r,-13022.299607478999,-35604.5101688521
s_20_27,C_r,-13021.542667778998,-35604.4457484521
s_20_28,C_r,-13020.666602958101,-35604.3089123308
s_20_29,C_r,-13019.8613479581,-35604.2042291808
s_20_30,C_r,-13019.104408258101,-35604.0834409308
s_20_22,C_r,-13024.685387979,-35604.4737189842
s_20_23,C_r,-13024.0647790581,-35604.4860684308
s_21_13,C_l,-13030.804763408101,-35604.8613389308
s_21_14,C_l,-13030.023666058101,-35605.022389930804
s_21_15,C_l,-13029.250621258101,-35605.1834409308
s_21_16,C_l,-13028.432049428999,-35605.3539094102
s_21_17,C_l,-13027.634846979,-35605.4908027602
s_21_18,C_l,-13026.9475919581,-35605.5297005808
s_21_19,C_l,-13026.311440508101,-35605.537753130804
s_21_20,C_l,-13025.7638671081,-35605.537753130804
s_21_21,C_l,-13025.265171579,-35605.5495613342
s_21_24,C_r,-13023.4447327081,-35605.6021735308
s_21_25,C_r,-13022.864949108101,-35605.6021735308
s_21_26,C_r,-13022.299607478999,-35605.6101688521
s_21_27,C_r,-13021.542667778998,-35605.5457484521
s_21_28,C_r,-13020.666602958101,-35605.4089123308
s_21_29,C_r,-13019.8613479581,-35605.3042291808
s_21_30,C_r,-13019.104408258101,-35605.1834409308
s_21_22,C_r,-13024.685387979,-35605.5737189842
s_21_23,C_r,-13024.0647790581,-35605.5860684308
s_16_13,C_l,-13030.804763408101,-35599.2613389308
s_16_14,C_l,-13030.023666058101,-35599.4223899308
s_16_15,C_l,-13029.250621258101,-35599.5834409308
s_16_16,C_l,-13028.432049428999,-35599.7539094102
s_16_17,C_l,-13027.634846979,-35599.8908027602
s_16_18,C_l,-13026.9475919581,-35599.929700580804
s_16_19,C_l,-13026.311440508101,-35599.9377531308
s_16_20,C_l,-13025.7638671081,-35599.9377531308
s_16_21,C_l,-13025.265171579,-35599.9495613342
s_16_24,C_r,-13023.4447327081,-35600.002173530804
s_16_25,C_r,-13022.864949108101,-35600.002173530804
s_16_26,C_r,-13022.299607478999,-35600.0101688521
s_16_27,C_r,-13021.542667778998,-35599.9457484521
s_16_28,C_r,-13020.666602958101,-35599.8089123308
s_16_29,C_r,-13019.8613479581,-35599.7042291808
s_16_30,C_r,-13019.104408258101,-35599.5834409308
s_16_22,C_r,-13024.685387979,-35599.9737189842
s_16_23,C_r,-13024.0647790581,-35599.9860684308
s_16_12,C_l,-13031.604984828899,-35599.204080726
s_16_31,C_r,-13018.372767602701,-35599.4271183058
s_17_12,C_l,-13031.604984828899,-35600.3719881949
s_18_12,C_l,-13031.604984828899,-35601.5061215914
s_19_12,C_l,-13031.604984828899,-35602.640254988
s_20_12,C_l,-13031.604984828899,-35603.725710601604
s_21_12,C_l,-13031.604984828899,-35604.8273921428
s_21_31,C_r,-13018.366995478998,-35604.8866492651
s_20_31,C_r,-13018.366995478998,-35603.829589025
s_19_31,C_r,-13018.366995478998,-35602.6964697489
s_18_31,C_r,-13018.366995478998,-35601.639409508796
s_17_31,C_r,-13018.366995478998,-35600.5823492687
s_3_4,B_l,-13036.7214082414,-35580.3244916169
s_3_5,B_l,-13036.0754980593,-35580.6583465449
s_3_6,B_l,-13035.5304980593,-35580.9183465449
s_3_7,B_l,-13035.0179144222,-35581.1610537722
s_3_8,B_l,-13034.4429144222,-35581.416053772205
s_3_9,B_l,-13033.7804980593,-35581.703346544906
s_3_10,B_l,-13033.100498059299,-35582.0083465449
s_3_11,B_l,-13032.3739375951,-35582.2965324824
s_2_5,B_l,-13036.3214195978,-35579.335824309
s_2_6,B_l,-13035.6154980593,-35579.6683465449
s_2_7,B_l,-13034.888044426201,-35579.9873546664
s_2_8,B_l,-13034.193044426202,-35580.2923546664
s_2_9,B_l,-13033.6054980593,-35580.5633465449
s_2_10,B_l,-13032.975498059299,-35580.8333465449
s_2_11,B_l,-13032.3127490296,-35581.1310737381
s_2_32,B_r,-13017.742365111799,-35581.5208923948
s_2_33,B_r,-13017.256122013101,-35581.2149494142
s_2_34,B_r,-13016.8161220131,-35580.9349494142
s_2_35,B_r,-13016.3567525173,-35580.6569432853
s_2_36,B_r,-13015.8367525173,-35580.3669432852
s_2_37,B_r,-13015.3061220131,-35580.0699494142
s_2_38,B_r,-13014.8135606633,-35579.7550845717
s_3_32,B_r,-13017.673061006499,-35582.5267595088
s_3_33,B_r,-13017.096122013101,-35582.2249494142
s_3_34,B_r,-13016.6161220131,-35581.9649494142
s_3_35,B_r,-13016.1764906683,-35581.7102187671
s_3_36,B_r,-13015.7214906682,-35581.4452187671
s_3_37,B_r,-13015.2411220131,-35581.1599494142
s_3_38,B_r,-13014.801122013101,-35580.8849494142
s_3_39,B_r,-13014.369989346398,-35580.6075523284
s_4_3,B_l,-13037.2456501048,-35581.260066356204
s_4_4,B_l,-13036.6404586746,-35581.611170772405
s_4_5,B_l,-13036.076780174599,-35581.973535522404
s_4_6,B_l,-13035.5300613323,-35582.336821915094
s_4_7,B_l,-13034.9019624323,-35582.6186611651
s_4_8,B_l,-13034.2891140746,-35582.8432109224
s_4_9,B_l,-13033.7012779246,-35583.0606297724
s_4_10,B_l,-13033.0490213746,-35583.2941537224
s_4_11,B_l,-13032.3433283123,-35583.546515566
s_5_3,B_l,-13037.6539652604,-35582.2419249771
s_5_4,B_l,-13037.0591912746,-35582.6660548224
s_5_5,B_l,-13036.455250024599,-35583.0686823224
s_5_6,B_l,-13035.7502549719,-35583.522825155604
s_5_7,B_l,-13035.0174729219,-35583.8851899056
s_5_8,B_l,-13034.3293768246,-35584.115513822406
s_5_9,B_l,-13033.661015174599,-35584.3812479724
s_5_10,B_l,-13033.0329162746,-35584.590614272405
s_5_11,B_l,-13032.3674859623,-35584.7923346661
s_4_32,B_r,-13017.749773662299,-35583.62943179
s_4_33,B_r,-13017.2338131746,-35583.3505215724
s_4_34,B_r,-13016.750660174599,-35583.084787422405
s_4_35,B_r,-13016.3158224746,-35582.8512634724
s_4_36,B_r,-13015.906399756,-35582.648359982406
s_4_37,B_r,-13015.415194206002,-35582.382625832404
s_4_38,B_r,-13014.9066262246,-35582.094323772406
s_4_39,B_r,-13014.4315257746,-35581.796379422405
s_4_40,B_r,-13013.896900048201,-35581.4703388638
s_5_32,B_r,-13017.7014583623,-35584.8671983401
s_5_33,B_r,-13017.145235124599,-35584.550351522405
s_5_34,B_r,-13016.6701346746,-35584.2846173724
s_5_35,B_r,-13016.2030867746,-35584.0591459724
s_5_36,B_r,-13015.698468300201,-35583.8167116735
s_5_37,B_r,-13015.1589474502,-35583.4946096735
s_5_38,B_r,-13014.6006293246,-35583.1331027224
s_5_39,B_r,-13014.028898274599,-35582.8029481724
s_5_40,B_r,-13013.436092283,-35582.4521974847
s_6_2,B_l,-13038.2490292506,-35583.2679532055
s_6_3,B_l,-13037.7315658554,-35583.7670918682
s_6_4,B_l,-13037.1265658554,-35584.251091868195
s_6_5,B_l,-13036.5155158554,-35584.668541868195
s_6_6,B_l,-13035.934715855401,-35584.9649918682
s_6_7,B_l,-13035.3297158554,-35585.2130418682
s_6_8,B_l,-13034.6944658554,-35585.4308418682
s_6_9,B_l,-13034.010815855401,-35585.6304918682
s_6_10,B_l,-13033.2666658554,-35585.8119918682
s_6_11,B_l,-13032.4367079277,-35585.9739545281
s_7_3,B_l,-13037.7315658554,-35584.967091868195
s_7_4,B_l,-13037.1265658554,-35585.4510918682
s_7_5,B_l,-13036.5155158554,-35585.8685418682
s_7_6,B_l,-13035.934715855401,-35586.1649918682
s_7_7,B_l,-13035.3297158554,-35586.413041868196
s_7_8,B_l,-13034.6944658554,-35586.630841868195
s_7_9,B_l,-13034.010815855401,-35586.8304918682
s_7_10,B_l,-13033.2666658554,-35587.011991868196
s_8_3,B_l,-13037.7315658554,-35586.1670918682
s_8_4,B_l,-13037.1265658554,-35586.651091868196
s_8_5,B_l,-13036.5155158554,-35587.0685418682
s_8_6,B_l,-13035.934715855401,-35587.3649918682
s_8_7,B_l,-13035.3297158554,-35587.6130418682
s_8_8,B_l,-13034.6944658554,-35587.8308418682
s_8_9,B_l,-13034.010815855401,-35588.0304918682
s_8_10,B_l,-13033.2666658554,-35588.2119918682
s_9_3,B_l,-13037.7315658554,-35587.3670918682
s_9_4,B_l,-13037.1265658554,-35587.8510918682
s_9_5,B_l,-13036.5155158554,-35588.2685418682
s_9_6,B_l,-13035.934715855401,-35588.564991868196
s_9_7,B_l,-13035.3297158554,-35588.8130418682
s_9_8,B_l,-13034.6944658554,-35589.030841868196
s_9_9,B_l,-13034.010815855401,-35589.2304918682
s_9_10,B_l,-13033.2666658554,-35589.4119918682
s_10_3,B_l,-13037.7315658554,-35588.5670918682
s_10_4,B_l,-13037.1265658554,-35589.0510918682
s_10_5,B_l,-13036.5155158554,-35589.4685418682
s_10_6,B_l,-13035.934715855401,-35589.7649918682
s_10_7,B_l,-13035.3297158554,-35590.013041868195
s_10_8,B_l,-13034.6944658554,-35590.2308418682
s_10_9,B_l,-13034.010815855401,-35590.430491868196
s_10_10,B_l,-13033.2666658554,-35590.6119918682
s_11_3,B_l,-13037.7315658554,-35589.7670918682
s_11_4,B_l,-13037.1265658554,-35590.251091868195
s_11_5,B_l,-13036.5155158554,-35590.668541868195
s_11_6,B_l,-13035.934715855401,-35590.9649918682
s_11_7,B_l,-13035.3297158554,-35591.2130418682
s_11_8,B_l,-13034.6944658554,-35591.4308418682
s_11_9,B_l,-13034.010815855401,-35591.6304918682
s_11_10,B_l,-13033.2666658554,-35591.8119918682
s_12_3,B_l,-13037.7315658554,-35590.967091868195
s_12_4,B_l,-13037.1265658554,-35591.4510918682
s_12_5,B_l,-13036.5155158554,-35591.8685418682
s_12_6,B_l,-13035.934715855401,-35592.1649918682
s_12_7,B_l,-13035.3297158554,-35592.413041868196
s_12_8,B_l,-13034.6944658554,-35592.630841868195
s_12_9,B_l,-13034.010815855401,-35592.8304918682
s_12_10,B_l,-13033.2666658554,-35593.011991868196
s_13_3,B_l,-13037.7315658554,-35592.1670918682
s_13_4,B_l,-13037.1265658554,-35592.651091868196
s_13_5,B_l,-13036.5155158554,-35593.0685418682
s_13_6,B_l,-13035.934715855401,-35593.3649918682
s_13_7,B_l,-13035.3297158554,-35593.6130418682
s_13_8,B_l,-13034.6944658554,-35593.8308418682
s_13_9,B_l,-13034.010815855401,-35594.0304918682
s_13_10,B_l,-13033.2666658554,-35594.2119918682
s_14_3,B_l,-13037.7315658554,-35593.3670918682
s_14_4,B_l,-13037.1265658554,-35593.8510918682
s_14_5,B_l,-13036.5155158554,-35594.2685418682
s_14_6,B_l,-13035.934715855401,-35594.564991868196
s_14_7,B_l,-13035.3297158554,-35594.8130418682
s_14_8,B_l,-13034.6944658554,-35595.030841868196
s_14_9,B_l,-13034.010815855401,-35595.2304918682
s_14_10,B_l,-13033.2666658554,-35595.4119918682
s_15_3,B_l,-13037.7315658554,-35594.5670918682
s_15_4,B_l,-13037.1265658554,-35595.0510918682
s_15_5,B_l,-13036.5155158554,-35595.4685418682
s_15_6,B_l,-13035.934715855401,-35595.7649918682
s_15_7,B_l,-13035.3297158554,-35596.013041868195
s_15_8,B_l,-13034.6944658554,-35596.2308418682
s_15_9,B_l,-13034.010815855401,-35596.430491868196
s_15_10,B_l,-13033.2666658554,-35596.6119918682
s_7_2,B_l,-13038.5028968727,-35584.4190024559
s_8_2,B_l,-13038.4924181659,-35585.6240505529
s_9_2,B_l,-13038.4924181659,-35586.832522841
s_10_2,B_l,-13038.4924181659,-35588.0612775387
s_11_2,B_l,-13038.4924181659,-35589.3508794652
s_12_2,B_l,-13038.4924181659,-35590.5390693437
s_13_2,B_l,-13038.4924181659,-35591.7678240414
s_14_2,B_l,-13038.4924181659,-35592.9560139199
s_15_2,B_l,-13038.4924181659,-35594.164486208
s_7_11,B_l,-13032.432896493201,-35587.1726674411
s_8_11,B_l,-13032.4367079277,-35588.3148400683
s_9_11,B_l,-13032.4367079277,-35589.472606332405
s_10_11,B_l,-13032.4367079277,-35590.7064316325
s_11_11,B_l,-13032.4367079277,-35591.9656099447
s_12_11,B_l,-13032.4367079277,-35593.0726701847
s_13_11,B_l,-13032.4367079277,-35594.3064954849
s_14_11,B_l,-13032.4367079277,-35595.489614761
s_15_11,B_l,-13032.4367079277,-35596.6727340371
s_6_32,B_r,-13017.742312498702,-35586.0354596966
s_6_33,B_r,-13017.138873051299,-35585.7677889523
s_6_34,B_r,-13016.458066551299,-35585.4749689523
s_6_35,B_r,-13015.879747051298,-35585.2114309523
s_6_36,B_r,-13015.420314666399,-35584.977644872204
s_6_37,B_r,-13014.915200166399,-35584.6628633722
s_6_38,B_r,-13014.4010060513,-35584.3110094523
s_6_39,B_r,-13013.9471350513,-35584.0328304523
s_6_40,B_r,-13013.4420205513,-35583.7180489523
s_6_41,B_r,-13012.905486931,-35583.3413198859
s_7_33,B_r,-13017.138873051299,-35586.9677889523
s_7_34,B_r,-13016.458066551299,-35586.6749689523
s_7_35,B_r,-13015.879747051298,-35586.4114309523
s_7_36,B_r,-13015.420314666399,-35586.1776448722
s_7_37,B_r,-13014.915200166399,-35585.862863372204
s_7_38,B_r,-13014.4010060513,-35585.5110094523
s_7_39,B_r,-13013.9471350513,-35585.232830452296
s_7_40,B_r,-13013.4420205513,-35584.9180489523
s_8_33,B_r,-13017.138873051299,-35588.1677889523
s_8_34,B_r,-13016.458066551299,-35587.8749689523
s_8_35,B_r,-13015.879747051298,-35587.611430952296
s_8_36,B_r,-13015.420314666399,-35587.377644872206
s_8_37,B_r,-13014.915200166399,-35587.0628633722
s_8_38,B_r,-13014.4010060513,-35586.7110094523
s_8_39,B_r,-13013.9471350513,-35586.4328304523
s_8_40,B_r,-13013.4420205513,-35586.1180489523
s_9_33,B_r,-13017.138873051299,-35589.3677889523
s_9_34,B_r,-13016.458066551299,-35589.0749689523
s_9_35,B_r,-13015.879747051298,-35588.8114309523
s_9_36,B_r,-13015.420314666399,-35588.5776448722
s_9_37,B_r,-13014.915200166399,-35588.262863372205
s_9_38,B_r,-13014.4010060513,-35587.9110094523
s_9_39,B_r,-13013.9471350513,-35587.6328304523
s_9_40,B_r,-13013.4420205513,-35587.3180489523
s_10_33,B_r,-13017.138873051299,-35590.5677889523
s_10_34,B_r,-13016.458066551299,-35590.2749689523
s_10_35,B_r,-13015.879747051298,-35590.0114309523
s_10_36,B_r,-13015.420314666399,-35589.7776448722
s_10_37,B_r,-13014.915200166399,-35589.4628633722
s_10_38,B_r,-13014.4010060513,-35589.1110094523
s_10_39,B_r,-13013.9471350513,-35588.8328304523
s_10_40,B_r,-13013.4420205513,-35588.5180489523
s_11_33,B_r,-13017.138873051299,-35591.7677889523
s_11_34,B_r,-13016.458066551299,-35591.4749689523
s_11_35,B_r,-13015.879747051298,-35591.2114309523
s_11_36,B_r,-13015.420314666399,-35590.977644872204
s_11_37,B_r,-13014.915200166399,-35590.6628633722
s_11_38,B_r,-13014.4010060513,-35590.3110094523
s_11_39,B_r,-13013.9471350513,-35590.0328304523
s_11_40,B_r,-13013.4420205513,-35589.7180489523
s_12_33,B_r,-13017.138873051299,-35592.9677889523
s_12_34,B_r,-13016.458066551299,-35592.6749689523
s_12_35,B_r,-13015.879747051298,-35592.4114309523
s_12_36,B_r,-13015.420314666399,-35592.1776448722
s_12_37,B_r,-13014.915200166399,-35591.862863372204
s_12_38,B_r,-13014.4010060513,-35591.5110094523
s_12_39,B_r,-13013.9471350513,-35591.232830452296
s_12_40,B_r,-13013.4420205513,-35590.9180489523
s_13_33,B_r,-13017.138873051299,-35594.1677889523
s_13_34,B_r,-13016.458066551299,-35593.8749689523
s_13_35,B_r,-13015.879747051298,-35593.611430952296
s_13_36,B_r,-13015.420314666399,-35593.377644872206
s_13_37,B_r,-13014.915200166399,-35593.0628633722
s_13_38,B_r,-13014.4010060513,-35592.7110094523
s_13_39,B_r,-13013.9471350513,-35592.4328304523
s_13_40,B_r,-13013.4420205513,-35592.1180489523
s_14_33,B_r,-13017.138873051299,-35595.3677889523
s_14_34,B_r,-13016.458066551299,-35595.0749689523
s_14_35,B_r,-13015.879747051298,-35594.8114309523
s_14_36,B_r,-13015.420314666399,-35594.5776448722
s_14_37,B_r,-13014.915200166399,-35594.262863372205
s_14_38,B_r,-13014.4010060513,-35593.9110094523
s_14_39,B_r,-13013.9471350513,-35593.6328304523
s_14_40,B_r,-13013.4420205513,-35593.3180489523
s_15_33,B_r,-13017.138873051299,-35596.5677889523
s_15_34,B_r,-13016.458066551299,-35596.2749689523
s_15_35,B_r,-13015.879747051298,-35596.0114309523
s_15_36,B_r,-13015.420314666399,-35595.7776448722
s_15_37,B_r,-13014.915200166399,-35595.4628633722
s_15_38,B_r,-13014.4010060513,-35595.1110094523
s_15_39,B_r,-13013.9471350513,-35594.8328304523
s_15_40,B_r,-13013.4420205513,-35594.5180489523
s_8_32,B_r,-13017.742312498702,-35588.432121863196
s_9_32,B_r,-13017.7378080256,-35589.6050999345
s_10_32,B_r,-13017.7378080256,-35590.8135722226
s_11_32,B_r,-13017.742312498702,-35592.0169739083
s_12_32,B_r,-13017.7378080256,-35593.2558698109
s_13_32,B_r,-13017.7378080256,-35594.413636075
s_14_32,B_r,-13017.7378080256,-35595.571402338996
s_15_32,B_r,-13017.7378080256,-35596.7545216152
s_7_32,B_r,-13017.7378080256,-35587.1881553583
s_7_41,B_r,-13012.5782605256,-35584.4747916012
s_8_41,B_r,-13012.5782605256,-35585.7441111181
s_9_41,B_r,-13012.5782605256,-35586.8917361774
s_10_41,B_r,-13012.5809683774,-35588.1143618096
s_11_41,B_r,-13012.5782605256,-35589.3695279824
s_12_41,B_r,-13012.5782605256,-35590.6185650897
s_13_41,B_r,-13012.5782605256,-35591.9081670163
s_14_41,B_r,-13012.5782605256,-35593.1166393044
s_15_41,B_r,-13012.5809683774,-35594.3189825269
s_16_1,D_l,-13038.6364166479,-35596.957278397
s_16_2,D_l,-13038.0209543195,-35597.1990964016
s_16_3,D_l,-13037.4792373195,-35597.433352401604
s_16_4,D_l,-13036.9594818195,-35597.6529674016
s_16_5,D_l,-13036.3552924097,-35597.8951731851
s_16_6,D_l,-13035.667165409699,-35598.144070185095
s_16_7,D_l,-13034.9756263195,-35598.3337739016
s_16_8,D_l,-13034.3314223195,-35598.524106901605
s_16_9,D_l,-13033.753102819499,-35598.7071194016
s_16_10,D_l,-13033.1015783195,-35598.8828114016
s_16_11,D_l,-13032.3767525596,-35599.094610411405
s_17_2,D_l,-13038.0209543195,-35598.399096401605
s_17_3,D_l,-13037.4792373195,-35598.6333524016
s_17_4,D_l,-13036.9594818195,-35598.8529674016
s_17_5,D_l,-13036.3552924097,-35599.095173185095
s_17_6,D_l,-13035.667165409699,-35599.3440701851
s_17_7,D_l,-13034.9756263195,-35599.5337739016
s_17_8,D_l,-13034.3314223195,-35599.7241069016
s_17_9,D_l,-13033.753102819499,-35599.9071194016
s_17_10,D_l,-13033.1015783195,-35600.082811401604
s_18_2,D_l,-13038.0209543195,-35599.5990964016
s_18_3,D_l,-13037.4792373195,-35599.8333524016
s_18_4,D_l,-13036.9594818195,-35600.0529674016
s_18_5,D_l,-13036.3552924097,-35600.2951731851
s_18_6,D_l,-13035.667165409699,-35600.5440701851
s_18_7,D_l,-13034.9756263195,-35600.7337739016
s_18_8,D_l,-13034.3314223195,-35600.9241069016
s_18_9,D_l,-13033.753102819499,-35601.107119401604
s_18_10,D_l,-13033.1015783195,-35601.2828114016
s_19_2,D_l,-13038.0209543195,-35600.7990964016
s_19_3,D_l,-13037.4792373195,-35601.0333524016
s_19_4,D_l,-13036.9594818195,-35601.252967401604
s_19_5,D_l,-13036.3552924097,-35601.495173185096
s_19_6,D_l,-13035.667165409699,-35601.7440701851
s_19_7,D_l,-13034.9756263195,-35601.933773901605
s_19_8,D_l,-13034.3314223195,-35602.1241069016
s_19_9,D_l,-13033.753102819499,-35602.3071194016
s_19_10,D_l,-13033.1015783195,-35602.4828114016
s_20_2,D_l,-13038.0209543195,-35601.9990964016
s_20_3,D_l,-13037.4792373195,-35602.2333524016
s_20_4,D_l,-13036.9594818195,-35602.4529674016
s_20_5,D_l,-13036.3552924097,-35602.6951731851
s_20_6,D_l,-13035.667165409699,-35602.9440701851
s_20_7,D_l,-13034.9756263195,-35603.1337739016
s_20_8,D_l,-13034.3314223195,-35603.3241069016
s_20_9,D_l,-13033.753102819499,-35603.5071194016
s_20_10,D_l,-13033.1015783195,-35603.6828114016
s_22_7,D_l,-13034.9756263195,-35605.3337739016
s_22_8,D_l,-13034.3314223195,-35605.524106901605
s_22_9,D_l,-13033.753102819499,-35605.7071194016
s_22_10,D_l,-13033.1015783195,-35605.8828114016
s_17_1,D_l,-13038.6364166479,-35598.2063155043
s_18_1,D_l,-13038.6364166479,-35599.4553526116
s_19_1,D_l,-13038.6364166479,-35600.7449545382
s_20_1,D_l,-13038.6364166479,-35601.9331444167
s_17_11,D_l,-13032.3767525596,-35600.2625178803
s_18_11,D_l,-13032.3767525596,-35601.4466512769
s_19_11,D_l,-13032.3767525596,-35602.6307846735
s_20_11,D_l,-13032.3767525596,-35603.766240287005
s_22_6,D_l,-13035.7695206295,-35605.088163171604
s_22_5,D_l,-13036.6512609395,-35604.7620269416
s_22_4,D_l,-13037.5882849395,-35604.4179634416
s_16_32,D_r,-13017.7734852496,-35599.2607855249
s_16_33,D_r,-13017.2631762518,-35599.089554968996
s_16_34,D_r,-13016.7247262518,-35598.914104969
s_16_35,D_r,-13016.2225762518,-35598.768904969
s_16_36,D_r,-13015.732526251799,-35598.629754969
s_16_37,D_r,-13015.242819288302,-35598.4659994775
s_16_38,D_r,-13014.730922726001,-35598.2415562008
s_16_39,D_r,-13014.1702831271,-35597.9570184154
s_16_40,D_r,-13013.5834331271,-35597.6545184154
s_16_41,D_r,-13013.0026331271,-35597.388318415404
s_16_42,D_r,-13012.3648744153,-35597.1304477923
s_17_33,D_r,-13017.2631762518,-35600.289554969
s_17_34,D_r,-13016.7247262518,-35600.114104969
s_17_35,D_r,-13016.2225762518,-35599.968904969
s_17_36,D_r,-13015.732526251799,-35599.829754968996
s_17_37,D_r,-13015.242819288302,-35599.6659994775
s_17_38,D_r,-13014.730922726001,-35599.4415562007
s_17_39,D_r,-13014.1702831271,-35599.1570184154
s_17_40,D_r,-13013.5834331271,-35598.8545184154
s_17_41,D_r,-13013.0026331271,-35598.5883184154
s_18_33,D_r,-13017.2631762518,-35601.389554969
s_18_34,D_r,-13016.7247262518,-35601.214104968996
s_18_35,D_r,-13016.2225762518,-35601.068904969
s_18_36,D_r,-13015.732526251799,-35600.929754969
s_18_37,D_r,-13015.242819288302,-35600.7659994775
s_18_38,D_r,-13014.730922726001,-35600.5415562008
s_18_39,D_r,-13014.1702831271,-35600.2570184154
s_18_40,D_r,-13013.5834331271,-35599.9545184154
s_18_41,D_r,-13013.0026331271,-35599.6883184154
s_19_33,D_r,-13017.2631762518,-35602.489554969
s_19_34,D_r,-13016.7247262518,-35602.314104969
s_19_35,D_r,-13016.2225762518,-35602.168904968996
s_19_36,D_r,-13015.732526251799,-35602.029754969
s_19_38,D_r,-13014.730922726001,-35601.641556200695
s_19_39,D_r,-13014.1702831271,-35601.3570184154
s_19_40,D_r,-13013.5834331271,-35601.0545184154
s_19_41,D_r,-13013.0026331271,-35600.7883184154
s_20_33,D_r,-13017.2631762518,-35603.589554968996
s_20_34,D_r,-13016.7247262518,-35603.414104969
s_20_35,D_r,-13016.2225762518,-35603.268904969
s_20_36,D_r,-13015.732526251799,-35603.129754969
s_20_37,D_r,-13015.242819288302,-35602.9659994775
s_20_38,D_r,-13014.730922726001,-35602.7415562008
s_20_39,D_r,-13014.1702831271,-35602.4570184154
s_20_40,D_r,-13013.5834331271,-35602.1545184154
s_20_41,D_r,-13013.0026331271,-35601.888318415404
s_22_33,D_r,-13017.2631762518,-35605.789554969
s_22_34,D_r,-13016.7247262518,-35605.614104969
s_22_35,D_r,-13016.2225762518,-35605.468904969
s_22_36,D_r,-13015.732526251799,-35605.329754968996
s_17_32,D_r,-13017.7677131259,-35600.4160164878
s_18_32,D_r,-13017.7677131259,-35601.4730767279
s_19_32,D_r,-13017.7677131259,-35602.530136967995
s_20_32,D_r,-13017.7677131259,-35603.6632562441
s_17_42,D_r,-13012.3648744153,-35598.2983552612
s_18_42,D_r,-13012.3648744153,-35599.4162627301
s_19_42,D_r,-13012.3611270375,-35600.6292600258
s_20_42,D_r,-13012.3648744153,-35601.7332073063
s_22_37,D_r,-13015.046853666201,-35605.0863750485
s_22_38,D_r,-13014.119181080501,-35604.6614951281
s_22_39,D_r,-13013.2116810805,-35604.2319451281
s_1_6,B_l,-13035.951388580901,-35578.4797472546
s_1_7,B_l,-13035.299034753001,-35578.842348994505
s_1_8,B_l,-13034.564147466,-35579.2232585569
s_1_9,B_l,-13033.819147466002,-35579.5932585569
s_1_10,B_l,-13033.169034753,-35579.927348994504
s_1_11,B_l,-13032.410705942,-35580.2650261908
s_1_32,B_r,-13017.679517376499,-35580.5013388188
s_1_33,B_r,-13017.074034753,-35580.1473489945
s_1_34,B_r,-13016.568445301598,-35579.799697418304
s_1_35,B_r,-13016.1184453016,-35579.494697418304
s_1_36,B_r,-13015.634034753,-35579.2073489945
s_1_37,B_r,-13015.1525587197,-35578.9181361698
s_22_3,D_l,-13038.5371229792,-35604.1734242519
s_22_11,D_l,-13032.3767525596,-35605.9533774417
s_21_2,D_l,-13038.0209543195,-35603.1990964016
s_21_3,D_l,-13037.4792373195,-35603.433352401604
s_21_4,D_l,-13036.9594818195,-35603.6529674016
s_21_5,D_l,-13036.3552924097,-35603.8951731851
s_21_6,D_l,-13035.667165409699,-35604.144070185095
s_21_7,D_l,-13034.9756263195,-35604.3337739016
s_21_8,D_l,-13034.3314223195,-35604.524106901605
s_21_9,D_l,-13033.753102819499,-35604.7071194016
s_21_10,D_l,-13033.1015783195,-35604.8828114016
s_21_1,D_l,-13038.643650169199,-35603.0257803274
s_21_11,D_l,-13032.3767525596,-35604.9179218282
s_22_32,D_r,-13017.7677131259,-35605.8787887723
s_22_40,D_r,-13012.402848392,-35603.8888911429
s_21_33,D_r,-13017.2631762518,-35604.689554969
s_21_34,D_r,-13016.7247262518,-35604.514104969
s_21_35,D_r,-13016.2225762518,-35604.368904969
s_21_36,D_r,-13015.732526251799,-35604.229754969
s_21_37,D_r,-13015.242819288302,-35604.0659994775
s_21_38,D_r,-13014.730922726001,-35603.8415562007
s_21_39,D_r,-13014.1702831271,-35603.5570184154
s_21_40,D_r,-13013.5834331271,-35603.2545184154
s_21_41,D_r,-13013.0026331271,-35602.9883184154
s_21_32,D_r,-13017.7677131259,-35604.7203164842
s_21_42,D_r,-13012.367383127099,-35602.7474684154
s_1_12,A_l,-13031.577134318799,-35580.5133870193
s_1_13,A_l,-13030.766891506499,-35580.6890706513
s_1_14,A_l,-13029.9768915065,-35580.8440706513
s_1_15,A_l,-13029.2168915065,-35580.9790706513
s_1_16,A_l,-13028.4259457533,-35581.1228068424
s_1_17,A_l,-13027.650945753301,-35581.227806842406
s_1_18,A_l,-13027.016891506499,-35581.2790706513
s_1_19,A_l,-13026.4568915065,-35581.309070651296
s_1_20,A_l,-13025.866891506499,-35581.3440706513
s_1_21,A_l,-13025.275945753301,-35581.3842188905
s_1_22,A_r,-13024.7109457533,-35581.3942188905
s_1_25,A_r,-13022.9218915065,-35581.4390706514
s_1_26,A_r,-13022.317549105801,-35581.4303157463
s_1_27,A_r,-13021.577549105801,-35581.3353157463
s_1_28,A_r,-13020.7618915065,-35581.184070651296
s_1_29,A_r,-13019.9418915065,-35581.0490706514
s_1_30,A_r,-13019.1618915065,-35580.9090706514
s_1_31,A_r,-13018.400945753301,-35580.7546996472
s_1_23,A_r,-13024.121891506498,-35581.4040706513
s_1_24,A_r,-13023.5118915065,-35581.4290706514
s_19_37,D_r,-13015.242819288302,-35601.8659994775
s_22_13,C_l,-13030.804763408101,-35605.9613389308
s_22_14,C_l,-13030.023666058101,-35606.1223899308
s_22_15,C_l,-13029.250621258101,-35606.2834409308
s_22_16,C_l,-13028.432049428999,-35606.4539094102
s_22_17,C_l,-13027.634846979,-35606.5908027602
s_22_18,C_l,-13026.9475919581,-35606.6297005808
s_22_19,C_l,-13026.311440508101,-35606.6377531308
s_22_20,C_l,-13025.7638671081,-35606.6377531308
s_22_21,C_l,-13025.265171579,-35606.6495613342
s_22_24,C_r,-13023.4447327081,-35606.7021735308
s_22_25,C_r,-13022.864949108101,-35606.7021735308
s_22_26,C_r,-13022.299607478999,-35606.7101688521
s_22_27,C_r,-13021.542667778998,-35606.6457484521
s_22_28,C_r,-13020.666602958101,-35606.5089123308
s_22_29,C_r,-13019.8613479581,-35606.4042291808
s_22_30,C_r,-13019.104408258101,-35606.2834409308
s_22_22,C_r,-13024.685387979,-35606.6737189842
s_22_23,C_r,-13024.0647790581,-35606.6860684308
s_22_12,C_l,-13031.604984828899,-35605.9128477563
s_22_31,C_r,-13018.366995478998,-35606.0451215532
